AF Kontinuum;32;
Idee für Design;A1;
Grundriss;B2;
Der Grob-Entwurf;C3;
Fortschritt Linienansichten;D4;
Prototyp;E5;
Entwicklungsmodelle;F6;
Zeichnen Design;G7;
Plottmudus 2D 3D in CAD Programmen;H8;
Morphen Wandeln;I9;
Ansicht;J10;
Umsicht angepasst System;K11;
Grundlage für Entwurf Fundament;L12;
Designmöglichkeitswege;M13;
Zusammengehörigkeiten;N14;
Fertiges Grund Design Objekt ;O15;
Haut Skin Überzug Kleidung;P16;
Struktur Muster darüber;Q17;
Zusammen Konstellation;R18;
Kontext Wo Eingebettet;S19;
Fertig Modi Aussehen Möglichkeiten;T20;
Ausstellungs Show Modelle;U21;
Wandeln Variieren Probieren;V22;
Speichern Absichern Nachweisen;W23;
die innere Funktionalität des CAD oder Raytracing Radiosity Programms Application;X24;
Arbeitsreihenfolge des Entwerfens in Pipeline Möglichkeitsmodellen widerum Modelle;Y25;
Programm-Kompatibilität und Modellkompatibiltät;Z26;
kein Stilbruch Gesamt-Gemälde Entwürfe Modelle;AA27;
Einbetten Kultur der Designs Kult;AB28;
Tiefenmorphologie Modelle Designs Entwürfe;AC29;
Energie;AD30;,Zeit,Animation,Trickfilm,Veränderung,Genialität,Göttlichkeit
Detailtreue Hochsensibel;AE31;
Designmodell.;AF32;
