Index;Definition;;
Idee für Design;A1;
Grundriss oder Kante Ecke;B2;
Der Grob-Entwurf, Verbindung, Dreieck erstes Polygon;C3;
Fortschritt Linienansichten, Verkantung;D4;
Prototyp, Anker Grundlage für Entwurf;E5;
Entwicklungsmodelle, Stufen der Entwicklung;F6;
Zeichnen Design, Kreise, Kugeln Entwurf;G7;
Plottmodus 2D 3D in CAD Programmen, Polygone;H8;
Morphen Wandeln Verbindung;I9;
Ansicht wie Haut Anzug;J10;
Umsicht angepasst System, Verhaltenseigenschaftengrundlage, passend machendes System;K11;
Grundlage für Entwurf Fundament, Designobjekthierarchie;L12;
Designmöglichkeitswege, Zaun Begrenzung Entwurf;M13;
Zusammengehörigkeiten 3D oder 2D Objekt;N14;
Fertiges Grund Design Objekt, Animation;O15;
Haut Skin Überzug Kleidung, Bearbeiten und Verändern Zwischenraumarten Plott-Ansichten, Zeitlinien, Animationsvarianten, Video Audio Komposition, Bearbeiten;P16;
Struktur Muster darüber, außerdem Reduktion, Delle;Q17;
Zusammen Konstellation, Verbund von Verbundobjekten usw. usf.;R18;
Kontext Wo Eingebettet, aufplüschen, aufbauschen, Beule;S19;
Fertig Modi Aussehen Möglichkeiten, Zergliedern;T20;
Ausstellungs Show Modelle, Wechselwirken 3D 2D Objekte über sozusagen Puzzleteilen;U21;
Wandeln Variieren Probieren, Interaktion, Passung;V22;
Speichern Absichern Nachweisen, Einwirken, Verkleben, Verbinden;W23;
Die innere Funktionalität des CAD oder Raytracing Radiosity Programms Application, Freiheitsgrade;X24;
Arbeitsreihenfolge des Entwerfens in Pipeline Möglichkeitsmodellen wiederum Modelle, Auswirkung Entfesseln;Y25;
Programm-Kompatibilität und Modellkompatibilität, Horizont der Sichtweite;Z26;
Kein Stilbruch Gesamt-Gemälde Entwürfe Modelle, Korrektur der Verwirrung;AA27;
Einbetten Kultur der Designs Kult, Stoff als Mathematik Objekte Struktur Muster aus Mathematik zu Stoff und Haut und Muster und Entwurf wird Topografie aus Topologie;AB28;
Tiefenmorphologie Modelle Designs Entwürfe, mathematische Verbiegungsmöglichkeiten;AC29;
Energie, Zeit, Animation, Trickfilm, Veränderung, Genialität, Göttlichkeit, Gesetze für Zeitveränderungen und künstliche virtuelle Energie mit Energieerhaltungssatz;AD30;
Detailtreue Hochsensibel, Feinschliff, Korrigieren von Umsicht Erkennbarem;AE31;
Designmodell, Skulptur;AF32;
Technisieren, Technologie anwenden;AG33;
Replizieren, Reproduzieren, Automatik benutzen, (Subsidaritäts-Wahrscheinlichkeits-Fläche statt ungewisser Punkt);AH34;
Steuerbares Modell Skulptur über sozusagen Mosaiks interaktiv, Korrigieren über Mosaiks;AI35;
Gesamt Szenerie;AJ36;
Näh Korrektur des technischen Zeichnens Stricken der Flächen Polygone;AK37;
Dellen, Beulen;AL38;
Aufquellen;AM39;
Bemalen;AN40;
Kollaborativ;AO41;
Extrudieren, Introdieren;AP42;
Präsentieren, Rendern Raytracing oder Radiosity oder Plottmodie mit bloß Farben oder etc.;AQ43;
Animation Mechanik Robotik Video Audio Dimensionen Verhalten Cursor;AR44;

